date,open,high,low,close,volume,Name
2013-02-08,15.07,15.12,14.63,14.75,8407500,AAL
2013-02-11,14.89,15.01,14.26,14.46,8882000,AAL
2013-02-12,14.45,14.51,14.1,14.27,8126000,AAL
2013-02-13,14.3,14.94,14.25,14.66,10259500,AAL
2013-02-14,14.94,14.96,13.16,13.99,31879900,AAL
2013-02-15,13.93,14.61,13.93,14.5,15628000,AAL
2013-02-19,14.33,14.56,14.08,14.26,11354400,AAL
2013-02-20,14.17,14.26,13.15,13.33,14725200,AAL
2013-02-21,13.62,13.95,12.9,13.37,11922100,AAL
2013-02-22,13.57,13.6,13.21,13.57,6071400,AAL
2013-02-25,13.6,13.76,13.0,13.02,7186400,AAL
2013-02-26,13.14,13.42,12.7,13.26,9419000,AAL
2013-02-27,13.28,13.62,13.18,13.41,7390500,AAL
2013-02-28,13.49,13.63,13.39,13.43,6143600,AAL
2013-03-01,13.37,13.95,13.32,13.61,7376800,AAL
2013-03-04,13.5,14.07,13.47,13.9,8174800,AAL
2013-03-05,14.01,14.05,13.71,14.05,7676100,AAL
2013-03-06,14.52,14.68,14.25,14.57,13243200,AAL
2013-03-07,14.7,14.93,14.5,14.82,9125300,AAL
2013-03-08,14.99,15.2,14.84,14.92,10593700,AAL
2013-03-11,14.85,15.15,14.71,15.13,6961800,AAL
2013-03-12,15.14,15.6,14.95,15.5,8999100,AAL
2013-03-13,15.54,16.2,15.48,15.91,11380000,AAL
2013-03-14,15.98,16.36,15.93,16.25,8383300,AAL
2013-03-15,16.45,16.54,15.88,15.98,17667700,AAL
2013-03-18,15.8,16.33,15.71,16.29,6514100,AAL
2013-03-19,16.48,16.85,16.41,16.78,11805300,AAL
2013-03-20,17.13,17.33,16.87,17.23,10819800,AAL
2013-03-21,17.21,17.43,16.87,17.0,10740800,AAL
2013-03-22,17.1,17.29,16.77,16.86,8545200,AAL
2013-03-25,16.92,17.0,16.35,16.6,8400000,AAL
2013-03-26,16.67,16.84,16.5,16.51,6898500,AAL
2013-03-27,16.48,16.77,16.33,16.65,5537100,AAL
2013-03-28,17.0,17.09,16.82,16.97,8324100,AAL
2013-04-01,17.02,17.13,16.54,16.67,5222300,AAL
2013-04-02,16.48,16.5,15.71,15.74,14595600,AAL
2013-04-03,15.82,15.92,15.13,15.53,14658300,AAL
2013-04-04,15.12,15.71,15.12,15.69,5520300,AAL
2013-04-05,15.17,15.79,15.03,15.72,5252300,AAL
2013-04-08,15.82,15.97,15.53,15.84,3780700,AAL
2013-04-09,16.07,16.1,15.67,15.7,4420200,AAL
2013-04-10,15.74,15.98,15.7,15.78,3650600,AAL
2013-04-11,15.77,16.38,15.75,16.19,5062200,AAL
2013-04-12,16.11,16.39,15.95,16.14,3751800,AAL
2013-04-15,16.2,16.39,15.47,15.59,6243400,AAL
2013-04-16,15.96,16.74,15.81,16.37,10458200,AAL
2013-04-17,16.17,16.55,15.9,16.52,6581900,AAL
2013-04-18,16.54,16.54,15.95,16.1,7633300,AAL
2013-04-19,16.1,16.24,15.85,16.02,5762600,AAL
2013-04-22,15.99,16.0,15.5,15.52,9227100,AAL
2013-04-23,15.33,16.49,15.33,16.3,12302300,AAL
2013-04-24,16.26,16.5,16.0,16.45,6114400,AAL
2013-04-25,16.55,16.73,16.19,16.22,5548800,AAL
2013-04-26,16.38,16.73,16.16,16.59,7272100,AAL
2013-04-29,16.7,16.97,16.56,16.81,5436400,AAL
2013-04-30,16.8,17.05,16.57,16.9,3640700,AAL
2013-05-01,16.91,17.17,16.6,16.6,4943600,AAL
2013-05-02,16.72,16.98,16.6,16.94,4888900,AAL
2013-05-03,17.02,17.19,16.89,17.02,6451900,AAL
2013-05-06,17.05,17.11,16.91,17.0,3930700,AAL
2013-05-07,17.15,17.15,16.95,16.98,3157000,AAL
2013-05-08,17.01,17.55,16.99,17.34,6706200,AAL
2013-05-09,17.53,17.86,17.34,17.38,6424000,AAL
2013-05-10,17.61,17.81,17.41,17.76,4248200,AAL
2013-05-13,17.74,17.95,17.57,17.72,4250900,AAL
2013-05-14,17.82,18.3,17.8,18.1,5989700,AAL
2013-05-15,18.37,18.99,18.31,18.81,8951500,AAL
2013-05-16,18.96,19.52,18.88,19.12,6679300,AAL
2013-05-17,19.38,19.7,18.75,19.01,7540000,AAL
2013-05-20,19.05,19.39,18.39,18.59,6055000,AAL
2013-05-21,18.55,18.7,17.65,17.95,10018700,AAL
2013-05-22,18.06,18.43,17.71,17.93,8662000,AAL
2013-05-23,17.48,18.45,17.44,18.19,7482400,AAL
2013-05-24,18.11,18.42,17.89,18.21,4277800,AAL
2013-05-28,18.44,18.72,18.05,18.12,4561900,AAL
2013-05-29,18.06,18.15,17.65,17.83,4216200,AAL
2013-05-30,17.92,18.22,17.66,17.67,4126600,AAL
2013-05-31,17.66,17.9,17.55,17.57,3831500,AAL
2013-06-03,17.54,17.9,17.4,17.73,5776800,AAL
2013-06-04,17.78,18.2,17.56,17.65,4543800,AAL
2013-06-05,17.15,17.62,16.85,16.95,11852000,AAL
2013-06-06,16.92,17.08,15.93,16.64,12738600,AAL
2013-06-07,16.89,17.1,16.65,17.02,4030900,AAL
2013-06-10,17.09,17.35,17.05,17.26,4246400,AAL
2013-06-11,16.94,17.26,16.75,16.92,3788700,AAL
2013-06-12,16.97,17.2,16.65,16.88,3602200,AAL
2013-06-13,16.85,17.07,16.64,17.01,5384700,AAL
2013-06-14,16.96,17.25,16.81,16.93,2572500,AAL
2013-06-17,17.02,17.16,16.74,16.95,2845000,AAL
2013-06-18,16.94,17.32,16.82,17.22,4298600,AAL
2013-06-19,17.16,17.27,17.0,17.06,2382500,AAL
2013-06-20,16.73,17.18,16.53,16.73,5234200,AAL
2013-06-21,16.8,16.94,16.05,16.34,6423700,AAL
2013-06-24,16.06,16.14,15.59,16.13,6691000,AAL
2013-06-25,16.22,16.5,16.16,16.46,3399500,AAL
2013-06-26,16.5,16.64,16.17,16.17,3604500,AAL
2013-06-27,16.29,16.34,16.0,16.31,3566000,AAL
2013-06-28,16.24,16.55,16.16,16.42,7063900,AAL
2013-07-01,16.5,17.04,16.48,16.8,4666900,AAL
2013-07-02,16.78,16.79,16.36,16.43,4009300,AAL
2013-07-03,16.06,16.8,16.04,16.75,2625800,AAL
2013-07-05,16.93,17.0,16.68,16.84,2397200,AAL
2013-07-08,16.94,17.09,16.85,16.94,2671200,AAL
2013-07-09,17.01,17.38,16.97,17.36,4076600,AAL
2013-07-10,17.32,17.48,17.01,17.17,4289700,AAL
2013-07-11,17.4,17.5,17.27,17.37,3153800,AAL
2013-07-12,17.36,17.85,17.35,17.56,3947100,AAL
2013-07-15,17.66,17.83,17.56,17.76,3267000,AAL
2013-07-16,17.86,18.0,17.75,17.95,3839100,AAL
2013-07-17,17.96,18.47,17.95,18.45,6291800,AAL
2013-07-18,18.7,18.93,18.31,18.42,8434200,AAL
2013-07-19,18.26,18.37,18.0,18.23,4122700,AAL
2013-07-22,18.25,18.3,18.0,18.15,4705200,AAL
2013-07-23,18.33,18.34,17.85,18.05,4893700,AAL
2013-07-24,18.43,18.71,18.22,18.5,10792800,AAL
2013-07-25,18.49,18.85,18.3,18.83,9851900,AAL
2013-07-26,18.74,19.11,18.68,19.09,7797700,AAL
2013-07-29,19.07,19.26,18.93,19.23,6462700,AAL
2013-07-30,19.33,19.45,19.11,19.2,6091900,AAL
2013-07-31,19.25,19.49,19.19,19.35,9571100,AAL
2013-08-01,19.44,19.59,19.24,19.38,7989100,AAL
2013-08-02,19.38,19.39,18.9,18.92,7382700,AAL
2013-08-05,18.9,19.25,18.9,19.17,4365800,AAL
2013-08-06,19.17,19.2,18.83,18.92,3350300,AAL
2013-08-07,18.84,18.98,18.52,18.87,4318500,AAL
2013-08-08,18.99,19.13,18.9,18.98,4269900,AAL
2013-08-09,18.91,19.08,18.56,18.6,4720600,AAL
2013-08-12,18.49,18.88,18.07,18.82,4674800,AAL
2013-08-13,18.86,18.95,16.29,16.36,78591200,AAL
2013-08-14,16.05,16.34,15.35,16.17,28026200,AAL
2013-08-15,15.97,16.16,15.65,15.72,10372800,AAL
2013-08-16,15.7,16.42,15.7,16.01,8824700,AAL
2013-08-19,15.97,15.99,15.62,15.64,6141500,AAL
2013-08-20,15.64,16.21,15.6,15.8,6373900,AAL
2013-08-21,15.8,15.99,15.75,15.81,4234300,AAL
2013-08-22,15.91,16.37,15.9,16.27,4770200,AAL
2013-08-23,16.3,16.4,16.1,16.16,2190400,AAL
2013-08-26,16.16,16.41,16.03,16.21,2808200,AAL
2013-08-27,15.87,16.0,15.33,15.47,6422300,AAL
2013-08-28,15.38,15.53,15.28,15.34,3613100,AAL
2013-08-29,16.03,16.39,15.72,15.96,7645000,AAL
2013-08-30,16.1,16.73,16.07,16.16,7569500,AAL
2013-09-03,16.38,16.64,16.11,16.39,4178200,AAL
2013-09-04,16.49,16.85,16.44,16.81,4839200,AAL
2013-09-05,16.95,17.13,16.88,16.99,3528500,AAL
2013-09-06,17.18,17.2,16.62,16.8,4512900,AAL
2013-09-09,16.86,17.47,16.84,17.47,5276200,AAL
2013-09-10,17.69,18.18,17.64,18.12,5827000,AAL
2013-09-11,18.03,18.04,17.31,17.72,6391100,AAL
2013-09-12,17.69,17.95,17.55,17.63,3475500,AAL
2013-09-13,17.71,18.03,17.71,17.87,2590600,AAL
2013-09-16,18.16,18.41,17.97,18.07,5691300,AAL
2013-09-17,18.57,18.82,18.5,18.72,5634500,AAL
2013-09-18,18.68,18.8,18.47,18.68,4482400,AAL
2013-09-19,18.67,19.13,18.61,18.97,5189900,AAL
2013-09-20,18.94,19.21,18.83,18.89,4989100,AAL
2013-09-23,18.89,19.0,18.54,18.86,3354400,AAL
2013-09-24,18.79,19.28,18.68,18.99,5610900,AAL
2013-09-25,19.13,19.39,18.8,19.18,3519500,AAL
2013-09-26,19.17,19.48,19.1,19.47,3301300,AAL
2013-09-27,19.09,19.35,18.77,19.08,4223100,AAL
2013-09-30,18.34,19.22,18.04,18.96,4364300,AAL
2013-10-01,18.98,19.85,18.98,19.69,7630300,AAL
2013-10-02,20.0,20.1,19.74,19.84,5555100,AAL
2013-10-03,20.0,20.5,19.67,20.48,7886500,AAL
2013-10-04,20.31,20.75,20.31,20.53,6492900,AAL
2013-10-07,20.41,20.77,20.3,20.39,3837200,AAL
2013-10-08,20.32,20.43,19.92,20.02,4188900,AAL
2013-10-09,20.08,20.27,19.77,20.06,3358000,AAL
2013-10-10,20.35,20.65,20.27,20.5,3372000,AAL
2013-10-11,20.5,20.73,20.42,20.72,3503300,AAL
2013-10-14,20.52,20.67,20.26,20.58,3066400,AAL
2013-10-15,20.64,20.83,20.32,20.5,3089000,AAL
2013-10-16,20.57,20.73,20.45,20.62,3478800,AAL
2013-10-17,20.72,21.06,20.64,21.0,4487000,AAL
2013-10-18,21.23,21.35,20.82,21.14,3676600,AAL
2013-10-21,21.23,21.34,21.07,21.22,2104100,AAL
2013-10-22,21.53,21.99,21.34,21.95,5208400,AAL
2013-10-23,21.82,22.09,21.31,21.4,5540000,AAL
2013-10-24,22.08,23.16,21.82,22.67,9779400,AAL
2013-10-25,22.76,23.08,21.65,22.15,9907100,AAL
2013-10-28,22.24,22.63,21.88,22.01,4642800,AAL
2013-10-29,22.76,22.79,22.07,22.37,5769000,AAL
2013-10-30,22.38,22.99,21.82,22.58,13157000,AAL
2013-10-31,22.6,22.86,21.97,21.97,6029300,AAL
2013-11-01,22.04,22.47,21.6,22.44,7190700,AAL
2013-11-04,22.6,23.9,22.57,22.71,19962000,AAL
2013-11-05,22.75,22.88,22.33,22.68,7127300,AAL
2013-11-06,23.26,23.26,21.9,22.4,8827100,AAL
2013-11-07,22.53,22.79,21.95,22.08,6393200,AAL
2013-11-08,22.16,23.23,22.12,23.21,8462000,AAL
2013-11-11,23.25,23.45,23.06,23.27,3508100,AAL
2013-11-12,23.26,25.49,22.5,23.52,40091800,AAL
2013-11-13,24.22,24.3,23.13,23.31,20087200,AAL
2013-11-14,23.79,23.8,23.38,23.66,12641900,AAL
2013-11-15,23.73,24.05,23.32,23.89,13660700,AAL
2013-11-18,24.22,24.81,24.04,24.4,10080800,AAL
2013-11-19,24.55,24.8,24.08,24.23,14087400,AAL
2013-11-20,24.29,24.42,23.91,24.06,11182500,AAL
2013-11-21,24.07,24.24,23.78,23.99,9920500,AAL
2013-11-22,24.2,24.56,23.9,24.27,12430500,AAL
2013-11-25,24.45,24.53,24.0,24.24,9436600,AAL
2013-11-26,24.17,24.24,23.7,23.81,10785200,AAL
2013-11-27,23.92,24.18,23.63,23.98,14261600,AAL
2013-11-29,24.12,24.18,23.45,23.48,4922900,AAL
2013-12-02,23.55,23.62,23.01,23.04,9149800,AAL
2013-12-03,22.99,22.99,22.01,22.39,17623800,AAL
2013-12-04,22.38,22.43,21.69,21.87,16670300,AAL
2013-12-05,22.27,22.62,21.45,22.35,30725800,AAL
2013-12-06,22.72,22.88,22.13,22.55,28364700,AAL
2013-12-09,23.95,25.44,23.4501,24.6,43197268,AAL
2013-12-10,24.54,25.17,24.41,24.88,18660625,AAL
2013-12-11,25.44,27.2,25.37,25.99,38843371,AAL
2013-12-12,26.2,26.71,25.45,25.45,19981824,AAL
2013-12-13,25.61,26.3,25.5201,26.23,12192421,AAL
2013-12-16,26.63,26.7658,26.35,26.61,13190945,AAL
2013-12-17,26.47,26.59,25.9501,26.1,11413199,AAL
2013-12-18,25.99,26.23,25.55,26.23,9994162,AAL
2013-12-19,26.09,26.49,25.821,26.12,6916497,AAL
2013-12-20,26.16,26.49,26.14,26.33,8530924,AAL
2013-12-23,26.29,26.49,26.05,26.18,5403084,AAL
2013-12-24,26.0,26.26,26.0,26.25,2652974,AAL
2013-12-26,26.12,26.36,25.975,26.13,4226639,AAL
2013-12-27,25.95,26.1,24.91,24.94,13227018,AAL
2013-12-30,24.87,25.25,24.65,24.78,8841369,AAL
2013-12-31,24.74,25.25,24.63,25.25,7168395,AAL
2014-01-02,25.07,25.82,25.06,25.36,8998943,AAL
2014-01-03,25.75,26.75,25.51,26.54,13836062,AAL
2014-01-06,26.62,27.2,26.6,27.03,11272273,AAL
2014-01-07,27.2,27.3997,26.67,26.905,11288775,AAL
2013-02-08,67.7142,68.4014,66.8928,67.8542,158168416,AAPL
2013-02-11,68.0714,69.2771,67.6071,68.5614,129029425,AAPL
2013-02-12,68.5014,68.9114,66.8205,66.8428,151829363,AAPL
2013-02-13,66.7442,67.6628,66.1742,66.7156,118721995,AAPL
2013-02-14,66.3599,67.3771,66.2885,66.6556,88809154,AAPL
2013-02-15,66.9785,67.1656,65.7028,65.7371,97924631,AAPL
2013-02-19,65.8714,66.1042,64.8356,65.7128,108854046,AAPL
2013-02-20,65.3842,65.3842,64.1142,64.1214,118891367,AAPL
2013-02-21,63.7142,64.1671,63.2599,63.7228,111596821,AAPL
2013-02-22,64.1785,64.5142,63.7999,64.4014,82583823,AAPL
2013-02-25,64.8356,65.0171,63.2242,63.2571,92899597,AAPL
2013-02-26,63.4028,64.5056,62.5228,64.1385,125096657,AAPL
2013-02-27,64.0614,64.6342,62.9499,63.5099,146674682,AAPL
2013-02-28,63.4357,63.9814,63.0571,63.0571,80532382,AAPL
2013-03-01,62.5714,62.5971,61.4257,61.4957,137899041,AAPL
2013-03-04,61.1142,61.1714,59.8571,60.0071,145406366,AAPL
2013-03-05,60.2114,62.1699,60.1071,61.5919,159298020,AAPL
2013-03-06,62.0728,62.1785,60.6328,60.8088,114903180,AAPL
2013-03-07,60.6428,61.7157,60.1514,61.5117,116992841,AAPL
2013-03-08,61.3999,62.2042,61.2299,61.6742,97854442,AAPL
2013-03-11,61.3928,62.7157,60.7342,62.5528,118272126,AAPL
2013-03-12,62.2285,62.6971,61.0814,61.2042,116268341,AAPL
2013-03-13,61.2071,62.0714,60.7657,61.1928,101369051,AAPL
2013-03-14,61.8328,62.0914,61.4928,61.7857,75834906,AAPL
2013-03-15,62.5614,63.4614,62.4642,63.3799,160710606,AAPL
2013-03-18,63.0642,65.3514,63.0285,65.1028,150441144,AAPL
2013-03-19,65.6428,65.8528,64.0714,64.9271,131531708,AAPL
2013-03-20,65.3456,65.3756,64.2271,64.5828,77016849,AAPL
2013-03-21,64.3171,65.4256,64.2999,64.6756,95493524,AAPL
2013-03-22,64.9399,66.0142,64.7299,65.9871,98570591,AAPL
2013-03-25,66.3842,67.1356,65.9685,66.2256,125073165,AAPL
2013-03-26,66.4914,66.5485,65.7899,65.8765,73428208,AAPL
2013-03-27,65.2085,65.2571,64.3899,64.5828,81854409,AAPL
2013-03-28,64.2599,64.5455,63.0885,63.2371,110698007,AAPL
2013-04-01,63.1285,63.3854,61.1057,61.2728,97294421,AAPL
2013-04-02,61.0857,62.5914,60.9142,61.3988,132350022,AAPL
2013-04-03,61.6242,62.4685,61.4728,61.7128,90719482,AAPL
2013-04-04,61.9657,62.1428,60.7499,61.1028,89589332,AAPL
2013-04-05,60.6428,60.7071,59.9542,60.4571,95743088,AAPL
2013-04-08,60.6928,61.0714,60.3557,60.8871,75169647,AAPL
2013-04-09,60.9085,61.2142,60.3928,60.9971,76615504,AAPL
2013-04-10,61.1571,62.4371,60.8585,62.2414,93895844,AAPL
2013-04-11,61.9599,62.5699,61.5999,62.0471,82073628,AAPL
2013-04-12,62.0214,62.0214,61.2985,61.3999,59651011,AAPL
2013-04-15,60.9999,61.1271,59.9357,59.9785,79157071,AAPL
2013-04-16,60.2242,60.9442,60.0814,60.8914,76222076,AAPL
2013-04-17,60.0385,60.0857,56.8728,57.5428,236138966,AAPL
2013-04-18,57.8557,57.9699,55.6774,56.0071,166438048,AAPL
2013-04-19,55.4242,57.0857,55.0142,55.7899,152194413,AAPL
2013-04-22,56.0914,57.4571,55.8964,56.9528,107338322,AAPL
2013-04-23,57.7128,58.3401,56.9728,58.0185,160760747,AAPL
2013-04-24,56.2199,59.3214,56.0714,57.9231,242387530,AAPL
2013-04-25,58.7464,59.1342,58.1428,58.3399,95984896,AAPL
2013-04-26,58.5442,59.8241,58.3214,59.6007,191006032,AAPL
2013-04-29,60.0642,61.9452,59.9999,61.4457,159958876,AAPL
2013-04-30,62.1571,63.6071,61.7242,63.2542,172737600,AAPL
2013-05-01,63.4942,63.5614,62.0557,62.7557,126720237,AAPL
2013-05-02,63.1114,64.0842,62.9471,63.6457,105449078,AAPL
2013-05-03,64.4728,64.7471,64.1642,64.2828,90319201,AAPL
2013-05-06,65.1014,66.0285,64.9014,65.8156,124017747,AAPL
2013-05-07,66.4242,66.5356,64.8142,65.5225,120499960,AAPL
2013-05-08,65.5771,66.4814,65.1156,66.2628,118010781,AAPL
2013-05-09,65.6871,66.1428,65.0828,65.2528,99555337,AAPL
2013-05-10,65.4242,65.6728,64.3542,64.7099,83631828,AAPL
2013-05-13,64.5014,65.4142,64.4999,64.9628,79220953,AAPL
2013-05-14,64.8356,65.0285,63.1642,63.4085,111647130,AAPL
2013-05-15,62.7371,62.9999,60.3371,61.2642,185278968,AAPL
2013-05-16,60.4628,62.5499,59.8428,62.0825,150794546,AAPL
2013-05-17,62.7214,62.8699,61.5728,61.8942,106973181,AAPL
2013-05-20,61.7014,63.6857,61.4428,63.2757,112681030,AAPL
2013-05-21,62.5928,63.6399,62.0285,62.8085,113921367,AAPL
2013-05-22,63.4357,64.0499,62.6028,63.0505,110727309,AAPL
2013-05-23,62.2785,63.7371,62.2557,63.1628,88244695,AAPL
2013-05-24,62.9785,63.6657,62.9085,63.5928,69036716,AAPL
2013-05-28,64.2714,64.4442,62.9785,63.0627,96404189,AAPL
2013-05-29,62.8571,63.9285,62.7714,63.5642,82641944,AAPL
2013-05-30,63.6642,64.9285,63.5014,64.5114,88379522,AAPL
2013-05-31,64.6428,65.2999,64.2142,64.2478,95832240,AAPL
2013-06-03,64.3899,64.6228,63.2114,64.3885,92926932,AAPL
2013-06-04,64.7456,64.9185,63.9128,64.1871,72860221,AAPL
2013-06-05,63.6642,64.3885,63.3871,63.5871,72545760,AAPL
2013-06-06,63.6385,63.8571,62.0071,62.6371,104230322,AAPL
2013-06-07,62.3571,63.3199,61.8242,63.1158,101120551,AAPL
2013-06-10,63.5328,64.1541,62.3999,62.6985,112522179,AAPL
2013-06-11,62.2485,63.2514,61.9028,62.5142,71526560,AAPL
2013-06-12,62.7857,63.0357,61.6428,61.7414,66295887,AAPL
2013-06-13,61.7857,62.4485,61.2499,62.2807,71456693,AAPL
2013-06-14,62.1999,62.3271,61.2142,61.4357,67962419,AAPL
2013-06-17,61.6342,62.2428,61.4802,61.7142,64818670,AAPL
2013-06-18,61.6514,62.1285,61.4585,61.6814,48753768,AAPL
2013-06-19,61.6285,61.6657,60.4285,60.4285,77715057,AAPL
2013-06-20,59.8999,60.8542,59.3099,59.5482,89327210,AAPL
2013-06-21,59.7842,59.9999,58.3,59.0714,120286768,AAPL
2013-06-24,58.1999,58.3799,56.8642,57.5057,120104964,AAPL
2013-06-25,57.9571,58.2557,56.9757,57.5185,78534687,AAPL
2013-06-26,57.6999,57.8271,56.5228,56.8671,91924994,AAPL
2013-06-27,57.0357,57.3414,56.2199,56.2542,84297955,AAPL
2013-06-28,55.9085,57.1814,55.5528,56.6471,144619734,AAPL
2013-07-01,57.5271,58.8957,57.3171,58.4599,97743408,AAPL
2013-07-02,58.5657,60.2328,58.4957,59.7842,117442150,AAPL
2013-07-03,60.1228,60.4257,59.6357,60.1142,60232158,AAPL
2013-07-05,60.0557,60.4699,59.3357,59.6314,68505794,AAPL
2013-07-08,60.0157,60.1428,58.6642,59.2928,74521398,AAPL
2013-07-09,59.0857,60.4999,58.6257,60.3357,88142026,AAPL
2013-07-10,59.9428,60.6857,59.7499,60.1042,70107226,AAPL
2013-07-11,60.4214,61.1785,60.1671,61.0411,81571665,AAPL
2013-07-12,61.0928,61.3985,60.4871,60.9299,69882694,AAPL
2013-07-15,60.7157,61.6371,60.6857,61.0628,60478033,AAPL
2013-07-16,60.9314,61.5299,60.5957,61.4564,54033805,AAPL
2013-07-17,61.3857,61.7457,61.1742,61.4728,49743169,AAPL
2013-07-18,61.9114,62.1242,61.5157,61.6797,54696012,AAPL
2013-07-19,61.8714,61.9971,60.6214,60.7071,67174828,AAPL
2013-07-22,61.3514,61.3928,60.7811,60.9014,51946202,AAPL
2013-07-23,60.8571,60.9942,59.8157,59.8557,91062300,AAPL
2013-07-24,62.7042,63.5128,62.1799,62.9299,147978789,AAPL
2013-07-25,62.9571,63.0571,62.2585,62.6428,57371671,AAPL
2013-07-26,62.1857,63.0057,62.0485,62.9985,50031170,AAPL
2013-07-29,62.9714,64.2842,62.8857,63.9699,62021344,AAPL
2013-07-30,64.2799,65.3071,64.1757,64.7599,77257432,AAPL
2013-07-31,64.9985,65.3346,64.2042,64.6471,80637830,AAPL
2013-08-01,65.1075,65.2571,64.7514,65.2394,51461179,AAPL
2013-08-02,65.4299,66.1214,65.2371,66.0771,68467077,AAPL
2013-08-05,66.3842,67.2385,66.0214,67.0642,79589930,AAPL
2013-08-06,66.8599,67.4128,66.0242,66.4642,83715443,AAPL
2013-08-07,66.2571,66.7142,65.9671,66.4256,74663176,AAPL
2013-08-08,66.2649,66.2999,65.4214,65.8585,63946841,AAPL
2013-08-09,65.5199,65.7799,64.8071,64.9214,66772986,AAPL
2013-08-12,65.2656,66.9499,65.2328,66.7656,91008477,AAPL
2013-08-13,67.2771,70.6656,66.8642,69.9385,219634975,AAPL
2013-08-14,71.1256,72.0356,70.4856,71.2142,188602792,AAPL
2013-08-15,70.9171,71.7712,69.869,71.1299,122441893,AAPL
2013-08-16,71.4499,71.8485,71.2656,71.7614,90461889,AAPL
2013-08-19,72.0485,73.3914,71.9999,72.5342,127478547,AAPL
2013-08-20,72.8156,72.9385,71.5456,71.5814,89531771,AAPL
2013-08-21,71.9414,72.4499,71.5999,71.7656,83809726,AAPL
2013-08-22,72.1399,72.2271,71.1714,71.8514,60877852,AAPL
2013-08-23,71.8956,71.9071,71.3356,71.5742,55587686,AAPL
2013-08-26,71.5356,72.8856,71.4999,71.8528,82398085,AAPL
2013-08-27,71.1428,71.7871,69.4714,69.7985,105930335,AAPL
2013-08-28,69.4285,70.8285,69.4285,70.1279,76793066,AAPL
2013-08-29,70.2356,70.9285,70.1614,70.2428,59807748,AAPL
2013-08-30,70.2856,70.4214,69.4999,69.6022,68078395,AAPL
2013-09-03,70.4428,71.5142,69.6214,69.7971,83000148,AAPL
2013-09-04,71.3656,71.7485,70.8971,71.2415,86049453,AAPL
2013-09-05,71.4642,71.5256,70.5199,70.7528,58913211,AAPL
2013-09-06,71.2056,71.3399,69.9928,71.1742,89551595,AAPL
2013-09-09,72.1428,72.5599,71.9256,72.3099,84887432,AAPL
2013-09-10,72.3142,72.4928,69.9285,70.6628,185494435,AAPL
2013-09-11,66.7157,67.6699,66.4014,66.8156,224250866,AAPL
2013-09-12,66.9285,67.9142,66.5728,67.5271,100874816,AAPL
2013-09-13,67.0485,67.4041,66.3856,66.4142,74578903,AAPL
2013-09-16,65.8571,65.9442,63.8885,64.3028,136823442,AAPL
2013-09-17,63.9942,65.6728,63.9285,65.0456,99756489,AAPL
2013-09-18,66.1685,66.6214,65.8085,66.3828,113743049,AAPL
2013-09-19,67.2428,67.9756,67.0356,67.4714,100918377,AAPL
2013-09-20,68.2856,68.3642,66.5714,66.7728,174570949,AAPL
2013-09-23,70.8714,70.9871,68.9428,70.0914,190021706,AAPL
2013-09-24,70.6971,70.7814,69.6885,69.8714,90602953,AAPL
2013-09-25,69.8856,69.9485,68.7757,68.7899,79110192,AAPL
2013-09-26,69.4285,69.7942,69.1285,69.4599,59086559,AAPL
2013-09-27,69.1114,69.2385,68.6742,68.9642,56816676,AAPL
2013-09-30,68.1785,68.8085,67.7729,68.1071,64852879,AAPL
2013-10-01,68.3499,69.8771,68.3401,69.7085,88255013,AAPL
2013-10-02,69.3756,70.2571,69.1071,69.9371,71849680,AAPL
2013-10-03,70.0728,70.3356,68.6769,69.0585,80629248,AAPL
2013-10-04,69.1228,69.2285,68.3714,69.0042,64673329,AAPL
2013-10-07,69.5085,70.3785,69.3356,69.6785,77919884,AAPL
2013-10-08,69.9914,70.0914,68.6485,68.7056,72418815,AAPL
2013-10-09,69.2342,69.6842,68.3256,69.5125,75311488,AAPL
2013-10-10,70.1885,70.3399,69.5771,69.9482,69650490,AAPL
2013-10-11,69.5699,70.5485,69.3085,70.4016,66934938,AAPL
2013-10-14,69.9756,71.0828,69.9071,70.8628,65474542,AAPL
2013-10-15,71.0721,71.7142,70.7885,71.2399,80018603,AAPL
2013-10-16,71.5414,71.7899,71.3185,71.5876,62775013,AAPL
2013-10-17,71.4256,72.1114,71.3828,72.0714,63398335,AAPL
2013-10-18,72.2842,72.7514,72.2442,72.6985,72635570,AAPL
2013-10-21,73.1099,74.8999,73.0742,74.4802,99526945,AAPL
2013-10-22,75.2006,75.4927,72.5756,74.2667,133515753,AAPL
2013-10-23,74.1428,75.0956,74.1428,74.9942,78431122,AAPL
2013-10-24,74.9999,76.0671,74.6356,75.9871,96191095,AAPL
2013-10-25,75.9021,76.1756,75.0156,75.1368,84448133,AAPL
2013-10-28,75.5771,75.8571,74.7442,75.6965,137610123,AAPL
2013-10-29,76.6099,77.0356,73.5056,73.8111,158952115,AAPL
2013-10-30,74.2299,75.3599,73.8599,74.9851,88540697,AAPL
2013-10-31,74.9999,75.3556,74.4671,74.6716,68923785,AAPL
2013-11-01,74.8599,74.9714,73.6914,74.2899,68722304,AAPL
2013-11-04,74.4428,75.2599,74.1156,75.2499,61157033,AAPL
2013-11-05,74.9399,75.5549,74.7142,75.0641,66368071,AAPL
2013-11-06,74.8785,74.9799,74.0285,74.4171,55844152,AAPL
2013-11-07,74.2256,74.7414,73.1971,73.2131,65655100,AAPL
2013-11-08,73.5114,74.4471,73.2271,74.3656,69829543,AAPL
2013-11-11,74.2842,74.5242,73.4871,74.1496,56863303,AAPL
2013-11-12,73.9528,74.8456,73.8571,74.2871,51114651,AAPL
2013-11-13,73.9999,74.6071,73.8514,74.3762,49304927,AAPL
2013-11-14,74.6871,75.6114,74.5528,75.4514,70605087,AAPL
2013-11-15,75.2256,75.5842,74.9271,74.9986,79479764,AAPL
2013-11-18,74.9985,75.3128,74.0285,74.0898,61236224,AAPL
2013-11-19,74.1471,74.7685,73.9956,74.2214,52234707,AAPL
2013-11-20,74.1756,74.3456,73.4756,73.5714,48545798,AAPL
2013-11-21,73.9428,74.4585,73.3814,74.4479,65506861,AAPL
2013-11-22,74.2171,74.5942,74.0756,74.2571,55931232,AAPL
2013-11-25,74.4314,75.1242,74.4285,74.8199,57348403,AAPL
2013-11-26,74.8742,76.5914,74.8571,76.1999,100345728,AAPL
2013-11-27,76.6156,77.9999,76.1999,77.9942,90861841,AAPL
2013-11-29,78.4971,79.7613,78.2585,79.4385,79532215,AAPL
2013-12-02,79.7142,80.6185,78.6885,78.7471,118135885,AAPL
2013-12-03,79.7571,80.9113,79.6685,80.9031,112741734,AAPL
2013-12-04,80.7856,81.3128,80.1171,80.7142,94452666,AAPL
2013-12-05,81.8071,82.1622,80.9156,81.1286,111895315,AAPL
2013-12-06,80.8271,80.9642,79.9385,80.0028,86088352,AAPL
2013-12-09,80.1285,81.3685,80.1285,80.9185,80123533,AAPL
2013-12-10,80.5113,81.1256,80.1713,80.7928,69567610,AAPL
2013-12-11,80.9999,81.5671,79.9556,80.1942,89929693,AAPL
2013-12-12,80.3058,80.7628,80.0042,80.0771,65572318,AAPL
2013-12-13,80.4071,80.4113,79.0956,79.2042,83205283,AAPL
2013-12-16,79.2885,80.3769,79.2871,79.6428,70648452,AAPL
2013-12-17,79.4013,79.9199,79.0535,79.2842,57475649,AAPL
2013-12-18,78.5285,78.7785,76.9714,78.6813,141465807,AAPL
2013-12-19,78.4999,78.5713,77.6757,77.7799,80239369,AAPL
2013-12-20,77.9185,78.8013,77.831,78.4314,109103435,AAPL
2013-12-23,81.1428,81.5313,80.3942,81.4413,125326831,AAPL
2013-12-24,81.4128,81.6971,80.8613,81.0956,41888735,AAPL
2013-12-26,81.1571,81.3571,80.4822,80.5571,51002035,AAPL
2013-12-27,80.5456,80.6299,79.9285,80.0128,56471317,AAPL
2013-12-30,79.6371,80.0128,78.9029,79.2171,63407722,AAPL
2013-12-31,79.1671,80.1828,79.1428,80.1456,55819372,AAPL
2014-01-02,79.3828,79.5756,78.8601,79.0185,58791957,AAPL
2014-01-03,78.9799,79.0999,77.2042,77.2828,98303870,AAPL
2014-01-06,76.7785,78.1142,76.2285,77.7042,103359151,AAPL
2014-01-07,77.7599,77.9942,76.8464,77.1481,79432766,AAPL
2014-01-08,76.9728,77.9371,76.9556,77.6371,64686685,AAPL
2014-01-09,78.1142,78.1228,76.4785,76.6455,69905199,AAPL
2014-01-10,77.1185,77.2571,75.8728,76.1342,76320664,AAPL
2014-01-13,75.7014,77.4999,75.6971,76.5328,94860843,AAPL
2014-01-14,76.8885,78.1042,76.8085,78.0556,83734371,AAPL
2014-01-15,79.0742,80.0285,78.8085,79.6228,98472619,AAPL
2014-01-16,79.2713,79.5499,78.8113,79.1785,57471330,AAPL
2014-01-17,78.7828,78.8671,77.1285,77.2385,108426689,AAPL
2014-01-21,77.2842,78.5813,77.2028,78.4385,82255544,AAPL
2014-01-22,78.702,79.6128,78.2585,78.7871,95219334,AAPL
2014-01-23,78.5628,79.4999,77.8294,79.4542,100978346,AAPL
2014-01-24,79.1428,79.3742,77.8214,78.0099,108384437,AAPL
2014-01-27,78.5813,79.2571,77.9642,78.6428,144219152,AAPL
2014-01-28,72.6799,73.5714,71.7242,72.3571,266833581,AAPL
2014-01-29,71.9928,72.4814,71.2314,71.5356,125942796,AAPL
2014-01-30,71.7914,72.3571,70.9571,71.3974,169762789,AAPL
2014-01-31,70.7399,71.6471,70.5071,71.5142,116336444,AAPL
2014-02-03,71.8014,72.5328,71.3285,71.6471,100620772,AAPL
2014-02-04,72.2642,72.7799,71.8228,72.6842,94273543,AAPL
2014-02-05,72.3656,73.6114,72.3216,73.2271,82322156,AAPL
2014-02-06,72.8656,73.3571,72.5442,73.2156,64497223,AAPL
2014-02-07,74.4828,74.7042,73.9114,74.2399,93638601,AAPL
2014-02-10,74.0942,75.9985,73.9999,75.5699,86451022,AAPL
2014-02-11,75.8014,76.8214,75.6428,76.5656,70672252,AAPL
2014-02-12,76.7071,77.0799,76.1771,76.5599,77127064,AAPL
2014-02-13,76.3799,77.8356,76.3142,77.7756,76960156,AAPL
2014-02-14,77.4956,77.9971,77.3156,77.7128,68468036,AAPL
2014-02-18,77.9999,78.7413,77.9442,77.9985,65306248,AAPL
2014-02-19,77.8214,78.1271,76.3356,76.7671,78554420,AAPL
2014-02-20,76.1414,76.7142,75.5714,75.8785,76529103,AAPL
2014-02-21,76.1132,76.3671,74.9428,75.0356,69757247,AAPL
2014-02-24,74.7356,75.7028,74.6314,75.3642,72364950,AAPL
2014-02-25,75.6256,75.6521,74.4285,74.5799,58247350,AAPL
2014-02-26,74.8014,74.9999,73.6571,73.9071,69131286,AAPL
2014-02-27,73.8771,75.5399,73.7214,75.3814,75557321,AAPL
2014-02-28,75.5828,76.1071,74.5885,75.1771,93074653,AAPL
2014-03-03,74.7742,75.8071,74.6871,75.3942,59667923,AAPL
2014-03-04,75.8571,76.0914,75.3956,75.8914,64884834,AAPL
2014-03-05,75.8456,76.3928,75.5899,76.0514,50065519,AAPL
2014-03-06,76.1128,76.3485,75.4428,75.8214,46423111,AAPL
2014-03-07,75.8699,75.9971,75.1499,75.7771,55415241,AAPL
2014-03-10,75.4799,76.1899,75.4769,75.8456,44691430,AAPL
2014-03-11,76.4928,76.9628,76.0842,76.5842,70198849,AAPL
2014-03-12,76.3585,76.7642,75.9999,76.6585,50195460,AAPL
2014-03-13,76.7771,77.0942,75.5942,75.8071,64435609,AAPL
2014-03-14,75.5414,75.8414,74.7142,74.9556,59299492,AAPL
2014-03-17,75.3856,75.7099,75.1214,75.2485,49886074,AAPL
2014-03-18,75.1285,75.9956,75.0285,75.9142,52411863,AAPL
2014-03-19,76.0371,76.6056,75.5714,75.8942,56188958,AAPL
2014-03-20,75.6985,76.0956,75.3356,75.5285,52099537,AAPL
2014-03-21,75.9899,76.2499,75.1899,76.1242,93612169,AAPL
2014-03-24,76.9171,77.2142,76.4371,77.0271,88924871,AAPL
2014-03-25,77.3571,77.9642,77.0842,77.8556,70573356,AAPL
2014-03-26,78.0742,78.4285,76.9799,77.1114,74942224,AAPL
2014-03-27,77.1449,77.3571,76.4457,76.7799,55507676,AAPL
2014-03-28,76.9028,76.9913,76.3214,76.6942,50141063,AAPL
2014-03-31,77.0328,77.2585,76.5614,76.6771,42167188,AAPL
2014-04-01,76.8228,77.4099,76.6814,77.3785,50189685,AAPL
2014-04-02,77.4828,77.6399,77.1799,77.5071,44792195,AAPL
2014-04-03,77.3414,77.4999,76.8056,76.9699,40648111,AAPL
2014-04-04,77.1156,77.1428,75.7971,75.9742,68812485,AAPL
2014-04-07,75.4314,75.8428,74.5556,74.7814,72462530,AAPL
2014-04-08,75.0271,75.1599,74.0999,74.7771,60971883,AAPL
2014-04-09,74.6628,75.7842,74.5742,75.7599,51542722,AAPL
2014-04-10,75.8114,76.0342,74.7385,74.7828,59912818,AAPL
2014-04-11,74.1428,74.6899,73.8771,74.2299,67975012,AAPL
2014-04-14,74.5571,74.5942,73.8871,74.5256,51445177,AAPL
2014-04-15,74.3242,74.5199,73.0471,73.9942,66622577,AAPL
2014-04-16,74.0071,74.4414,73.4478,74.1442,53732994,AAPL
2014-04-17,74.2856,75.3942,74.1714,74.9914,71106721,AAPL
2014-04-21,75.0485,76.0199,74.8514,75.8814,45668931,AAPL
2014-04-22,75.4728,75.9751,75.2144,75.9569,50664453,AAPL
2014-04-23,75.5799,75.8756,74.9214,74.9642,98735259,AAPL
2014-04-24,81.1728,81.4285,80.1042,81.1099,189978082,AAPL
2014-04-25,80.6471,81.7128,80.5656,81.7056,97568814,AAPL
2014-04-28,81.8285,85.1071,81.7928,84.8699,167371680,AAPL
2014-04-29,84.8199,85.1399,84.2156,84.6185,84344673,AAPL
2014-04-30,84.6628,85.6328,84.2571,84.2985,114220883,AAPL
2014-05-01,84.5713,84.9713,83.7656,84.4971,61052418,AAPL
2014-05-02,84.6199,84.8856,84.2442,84.6542,47878572,AAPL
2014-05-05,84.3056,85.8571,84.2856,85.8513,71766758,AAPL
2014-05-06,85.9713,86.3442,84.9156,84.9156,93641373,AAPL
2014-05-07,85.0356,85.3271,83.9613,84.6185,70715988,AAPL
2014-05-08,84.0356,84.9156,83.7713,83.9985,57574363,AAPL
2014-05-09,83.5056,83.7499,82.9042,83.6488,72899498,AAPL
2014-05-12,83.9271,84.8085,83.9142,84.6899,53324677,AAPL
2014-05-13,84.5713,84.9342,84.3856,84.8228,39934594,AAPL
2014-05-14,84.6328,85.3428,84.5342,84.8385,41600846,AAPL
2014-05-15,84.9571,85.2285,84.0056,84.1171,57711731,AAPL
2014-05-16,84.0899,85.3613,83.6285,85.3585,69091834,AAPL
2014-05-19,85.4071,86.7613,85.3328,86.3699,79439024,AAPL
2014-05-20,86.3585,86.6285,85.8185,86.3871,58708986,AAPL
2014-05-21,86.2613,86.6713,86.0085,86.6156,49249914,AAPL
2014-05-22,86.6571,87.1213,86.2999,86.7528,50218945,AAPL
2014-05-23,86.7499,87.8184,86.6385,87.7328,58052491,AAPL
2014-05-27,87.9828,89.4085,87.9471,89.3756,87216605,AAPL
2014-05-28,89.4313,89.9756,89.1113,89.1442,78921885,AAPL
2014-05-29,89.6928,90.9813,89.6813,90.7685,94118633,AAPL
2014-05-30,91.1399,92.0242,89.8428,90.4285,141005137,AAPL
2014-06-02,90.5656,90.6899,88.9285,89.8071,92337903,AAPL
2014-06-03,89.7799,91.2485,89.7499,91.0771,73231620,AAPL
2014-06-04,91.0628,92.5556,90.8728,92.1171,83870521,AAPL
2014-06-05,92.3142,92.767,91.8013,92.4785,75951141,AAPL
2014-06-06,92.8428,93.037,92.0671,92.2242,87620911,AAPL
2014-06-09,92.7,93.88,91.75,93.7,75414804,AAPL
2014-06-10,94.73,95.05,93.57,94.25,62777042,AAPL
2014-06-11,94.13,94.76,93.47,93.86,45681114,AAPL
2014-06-12,94.04,94.12,91.9,92.29,54748791,AAPL
2014-06-13,92.2,92.44,90.88,91.28,54525280,AAPL
2014-06-16,91.51,92.75,91.45,92.2,35561270,AAPL
2014-06-17,92.31,92.7,91.8,92.08,29726347,AAPL
2018-02-07,163.085,163.4,159.0685,159.54,51608580,AAPL
2013-02-08,78.34,79.72,78.01,78.9,1298137,AAP
2013-02-11,78.65,78.91,77.23,78.39,758016,AAP
2013-02-12,78.39,78.63,77.5132,78.6,876859,AAP
2013-02-13,78.9,79.13,77.85,78.97,1038574,AAP
2013-02-14,78.66,79.72,78.585,78.84,1005376,AAP
2013-02-15,78.83,79.18,77.93,79.0,1247063,AAP
2013-02-19,79.12,81.44,78.57,80.72,1730690,AAP
2013-02-20,80.42,80.94,79.39,79.5,648693,AAP
2013-02-21,79.26,80.05,78.56,79.06,915160,AAP
2013-02-22,79.2,79.46,78.63,79.21,538188,AAP
2013-02-25,79.46,79.74,78.36,78.36,579811,AAP
2013-02-26,78.42,78.925,76.42,77.15,990145,AAP
2013-02-27,77.29,77.58,76.22,77.3,720813,AAP
2013-02-28,77.35,77.59,76.34,76.34,1180713,AAP
2013-03-01,76.37,76.66,75.623,76.37,1272624,AAP
2013-03-04,76.24,77.25,76.1,77.02,1098428,AAP
2013-03-05,77.07,77.49,76.72,76.95,1288012,AAP
2013-03-06,77.1,77.24,75.97,76.18,1255676,AAP
2013-03-07,76.04,76.75,75.7,76.22,965808,AAP
2013-03-08,76.44,77.16,75.6302,76.84,736386,AAP
2013-03-11,76.88,78.06,76.84,77.53,689362,AAP
2013-03-12,77.26,77.66,76.89,77.36,660535,AAP
2013-03-13,77.54,78.85,77.32,78.77,644976,AAP
2013-03-14,78.9,79.12,77.36,77.67,763234,AAP
2013-03-15,77.9,79.59,77.41,79.57,1237958,AAP
2013-03-18,79.09,80.76,79.0101,80.7,1219201,AAP
2013-03-19,80.64,80.9399,79.77,80.07,1370222,AAP
2013-03-20,80.07,80.704,79.8005,80.22,728484,AAP
2013-03-21,79.91,80.72,79.85,80.03,616238,AAP
2013-03-22,80.12,80.44,78.972,79.81,586660,AAP
2013-03-25,79.83,80.94,79.33,80.53,1150900,AAP
2013-03-26,80.86,81.61,80.56,81.6,969581,AAP
2013-03-27,81.02,81.7,80.9601,81.64,551193,AAP
2013-03-28,81.34,83.07,81.29,82.65,1287266,AAP
2013-04-01,82.54,83.03,81.66,82.34,749343,AAP
2013-04-02,82.49,82.9099,81.33,82.83,956279,AAP
2013-04-03,82.8,82.95,81.5,82.12,846044,AAP
2013-04-04,82.2,82.97,81.93,82.2,819476,AAP
2013-04-05,81.62,81.62,80.75,80.95,913888,AAP
2013-04-08,81.0,81.15,80.35,80.63,837488,AAP
2013-04-09,79.97,79.97,78.5,78.71,1462823,AAP
2013-04-10,79.0,81.85,79.0,81.23,1758927,AAP
2013-04-11,81.03,83.37,80.81,83.01,1041745,AAP
2013-04-12,82.96,83.52,81.58,81.99,1009086,AAP
2013-04-15,81.89,82.2,79.99,80.27,1004499,AAP
2013-04-16,80.69,80.97,79.8,80.47,720223,AAP
2013-04-17,80.25,80.25,79.05,79.82,762815,AAP
2013-04-18,79.8,79.86,78.805,78.92,651867,AAP
2013-04-19,79.14,80.69,77.98,79.93,1044797,AAP
2013-04-22,79.85,79.9699,78.75,79.07,564056,AAP
2013-04-23,79.55,81.23,79.53,80.55,653790,AAP
2013-04-24,80.47,81.43,80.47,81.18,663747,AAP
2013-04-25,82.6,84.01,82.05,83.0,1280254,AAP
2013-04-26,83.04,83.26,82.47,82.94,710347,AAP
2013-04-29,83.0,83.58,82.76,83.02,764828,AAP
2013-04-30,83.0,83.93,82.33,83.88,792369,AAP
2013-05-01,83.85,84.97,83.44,84.34,688085,AAP
2013-05-02,84.44,84.98,83.93,84.59,674663,AAP
2013-05-03,85.02,85.74,84.14,84.56,694591,AAP
2013-05-06,84.71,85.05,84.03,84.91,394037,AAP
2013-05-07,85.31,85.7,84.61,85.58,429232,AAP
2013-05-08,85.5,85.87,84.61,85.12,502835,AAP
2013-05-09,84.92,85.7,84.59,84.72,428060,AAP
2013-05-10,84.8,85.97,84.52,85.43,537369,AAP
2013-05-13,85.25,85.38,83.66,85.0,727903,AAP
2013-05-14,85.18,86.23,84.96,86.12,387664,AAP
2013-05-15,85.96,86.54,85.42,86.4,348660,AAP
2013-05-16,86.32,86.92,85.04,85.42,610588,AAP
2013-05-17,85.57,86.46,85.51,86.16,573051,AAP
2013-05-20,85.79,86.98,85.37,86.52,630338,AAP
2013-05-21,87.17,88.74,87.05,87.18,748454,AAP
2013-05-22,87.25,87.33,85.55,85.8,514455,AAP
2013-05-23,84.57,85.42,83.22,84.08,1444650,AAP
2013-05-24,83.75,84.0199,83.12,83.39,589923,AAP
2013-05-28,84.0,84.53,82.87,83.63,543927,AAP
2013-05-29,83.14,83.48,81.81,82.16,770171,AAP
2013-05-30,82.34,82.89,81.58,82.07,525025,AAP
2013-05-31,81.78,83.124,81.51,81.52,493284,AAP
2013-06-03,81.54,82.57,80.3,82.55,917977,AAP
2013-06-04,82.39,83.39,81.88,81.99,548998,AAP
2013-06-05,81.96,82.94,81.53,81.55,472367,AAP
2013-06-06,81.77,83.24,81.635,83.23,343350,AAP
2013-06-07,83.49,84.53,83.18,84.32,541563,AAP
2013-06-10,84.32,84.96,83.39,83.62,369813,AAP
2013-06-11,82.89,83.41,82.6,82.69,486934,AAP
2013-06-12,83.09,83.41,82.04,82.35,461216,AAP
2013-06-13,82.44,83.31,82.2,82.75,467126,AAP
2013-06-14,82.61,83.64,81.64,82.48,521876,AAP
2013-06-17,82.58,83.45,82.11,82.48,521596,AAP
2013-06-18,82.5,83.71,82.14,83.69,345318,AAP
2013-06-19,83.3,84.48,82.44,84.07,1079373,AAP
2013-06-20,83.69,83.8,82.73,82.88,704461,AAP
2013-06-21,83.02,83.08,80.57,80.74,967901,AAP
2013-06-24,79.85,80.87,79.49,80.22,705907,AAP
2013-06-25,80.71,81.57,80.71,81.39,502751,AAP
2013-06-26,80.78,81.05,79.47,79.75,1178594,AAP
2013-06-27,80.22,80.75,79.86,80.02,673139,AAP
2013-06-28,80.01,81.75,79.701,81.17,831563,AAP
2013-07-01,81.72,82.7,81.46,81.89,721391,AAP
2013-07-02,82.0,82.66,81.04,81.47,456597,AAP
2013-07-03,81.22,82.2,81.03,81.99,263283,AAP
2013-07-05,82.62,82.9,81.445,82.58,273918,AAP
2013-07-08,83.1,84.01,82.94,83.72,616938,AAP
2013-07-09,84.02,84.16,83.14,83.2,376874,AAP
2013-07-10,83.25,83.31,82.6,82.75,829283,AAP
2013-07-11,83.5,83.72,82.71,82.76,788696,AAP
2013-07-12,82.93,83.325,82.33,82.67,505599,AAP
2013-07-15,82.9,83.48,82.13,83.38,461123,AAP
2013-07-16,83.29,83.65,81.85,82.38,450224,AAP
2013-07-17,82.55,82.8899,81.44,81.49,460785,AAP
2013-07-18,81.5,82.658,81.4,82.5,1015370,AAP
2013-07-19,82.15,82.74,82.01,82.21,355861,AAP
2013-07-22,82.05,82.99,81.58,82.75,548236,AAP
2013-07-23,82.99,83.59,82.46,82.7,584942,AAP
2013-07-24,82.82,82.95,81.27,81.53,517905,AAP
2013-07-25,81.9,82.46,81.05,82.22,925230,AAP
2013-07-26,82.93,83.43,82.38,82.64,620011,AAP
2013-07-29,82.61,82.88,81.93,82.33,332070,AAP
2013-07-30,82.53,82.8,82.15,82.19,482674,AAP
2013-07-31,82.25,83.07,82.01,82.49,521429,AAP
2013-08-01,83.17,83.72,82.47,83.43,912861,AAP
2013-08-02,83.29,83.52,82.83,83.47,412701,AAP
2013-08-05,83.19,83.8,82.9,83.41,445654,AAP
2013-08-06,83.42,83.42,82.5,83.18,637594,AAP
2013-08-07,82.82,82.93,81.82,82.29,996410,AAP
2013-08-08,83.0,83.14,79.33,81.65,2492117,AAP
2013-08-09,81.34,83.24,81.06,83.17,1403632,AAP
2013-08-12,83.14,83.5,82.41,82.45,687053,AAP
2013-08-13,82.73,84.93,82.41,84.49,1200805,AAP
2013-08-14,84.28,84.67,83.51,83.55,405505,AAP
2013-08-15,82.94,83.27,81.87,81.88,717733,AAP
2013-08-16,81.66,81.86,80.72,80.8,640919,AAP
2013-08-19,80.75,81.43,80.266,80.35,680869,AAP
2013-08-20,80.53,82.09,80.32,81.66,604143,AAP
2013-08-21,81.58,82.22,81.199,81.73,685648,AAP
2013-08-22,81.67,82.25,81.53,81.8,382159,AAP
2013-08-23,82.04,83.17,81.77,83.01,481862,AAP
2013-08-26,83.14,83.9,83.02,83.1,267629,AAP
2013-08-27,82.32,82.61,81.53,81.53,583289,AAP
2013-08-28,81.4,81.74,80.95,81.07,311107,AAP
2013-08-29,81.0,81.59,80.68,81.26,403056,AAP
2013-08-30,80.76,81.13,79.73,80.07,658388,AAP
2013-09-03,81.3499,81.3499,79.41,79.78,904206,AAP
2013-09-04,79.85,80.04,79.35,79.78,854647,AAP
2013-09-05,79.71,80.49,79.71,80.04,296291,AAP
2013-09-06,80.04,80.388,78.91,79.12,546804,AAP
2013-09-09,79.31,79.96,79.31,79.64,406973,AAP
2013-09-10,79.99,81.26,79.925,81.08,727636,AAP
2013-09-11,81.05,81.5495,80.762,81.44,285352,AAP
2013-09-12,81.33,81.5,80.04,80.37,380111,AAP
2013-09-13,80.58,80.58,79.26,79.38,414341,AAP
2013-09-16,80.02,80.21,79.67,79.72,573477,AAP
2013-09-17,79.67,80.15,79.47,79.93,337160,AAP
2013-09-18,80.05,80.42,79.09,80.36,504950,AAP
2013-09-19,80.41,81.07,80.3959,80.71,733293,AAP
2013-09-20,81.17,81.31,80.6,80.65,775517,AAP
2013-09-23,80.57,80.7,79.47,79.79,696196,AAP
2013-09-24,79.6,80.59,79.24,80.1,666192,AAP
2013-09-25,80.13,81.57,79.97,81.46,768894,AAP
2013-09-26,81.6,82.09,81.41,81.68,541448,AAP
2013-09-27,81.2,82.31,81.2,82.06,639580,AAP
2013-09-30,81.34,82.82,81.14,82.68,722681,AAP
2013-10-01,82.7,83.94,82.6,83.48,1005074,AAP
2013-10-02,82.9,83.05,82.0,82.62,437446,AAP
2013-10-03,82.36,82.81,81.28,81.9,423074,AAP
2013-10-04,81.87,83.17,81.86,83.16,281465,AAP
2013-10-07,82.76,82.76,81.65,81.98,455580,AAP
2013-10-08,81.84,82.5,81.04,81.25,494585,AAP
2013-10-09,81.22,81.409,80.28,80.48,530059,AAP
2013-10-10,81.25,81.8,80.57,81.76,483702,AAP
2013-10-11,81.82,82.35,80.88,82.33,504039,AAP
2013-10-14,82.16,83.62,82.0,83.61,405131,AAP
2013-10-15,83.3,83.3,82.25,82.5,585154,AAP
2013-10-16,97.26,99.3,95.15,96.16,7301816,AAP
2013-10-17,96.65,97.97,95.82,97.22,3577604,AAP
2013-10-18,97.35,98.91,97.35,98.7,1300529,AAP
2013-10-21,99.11,99.4,97.77,98.45,615833,AAP
2013-10-22,99.0,99.6,98.04,98.72,779284,AAP
2013-10-23,98.73,99.84,98.3,99.77,498792,AAP
2013-10-24,99.44,99.51,98.501,99.42,767363,AAP
2013-10-25,101.32,102.74,101.02,102.67,826661,AAP
2013-10-28,102.67,102.82,100.85,101.0,617856,AAP
2013-10-29,100.95,101.51,99.97,100.3,952107,AAP
2013-10-30,100.27,100.86,99.03,100.0,729413,AAP
2013-10-31,100.0,101.0,99.18,99.18,981461,AAP
2013-11-01,98.26,100.14,97.27,99.91,977296,AAP
2013-11-04,99.86,100.27,99.32,99.38,675948,AAP
2013-11-05,99.27,100.28,98.52,99.26,618547,AAP
2013-11-06,100.0,100.02,98.14,98.51,687004,AAP
2013-11-07,98.51,99.25,96.58,96.67,651121,AAP
2013-11-08,96.92,97.96,96.65,96.96,426137,AAP
2013-11-11,96.76,99.53,96.76,99.44,728285,AAP
2013-11-12,98.98,99.31,98.5,99.24,419034,AAP
2013-11-13,99.07,100.186,98.905,99.68,367296,AAP
2013-11-14,99.58,99.95,98.14,98.88,288970,AAP
2013-11-15,99.25,99.54,98.69,99.34,402598,AAP
2013-11-18,99.68,99.99,97.9,98.31,407263,AAP
2013-11-19,98.33,98.33,96.99,97.06,476397,AAP
2013-11-20,97.81,98.38,96.758,97.67,308792,AAP
2013-11-21,100.0,100.88,99.16,100.04,949898,AAP
2013-11-22,100.0,100.22,99.205,100.1,915515,AAP
2013-11-25,100.05,100.42,99.15,100.12,750059,AAP
2013-11-26,100.0,102.84,99.95,101.51,2340800,AAP
2013-11-27,102.26,102.67,101.41,102.03,400580,AAP
2013-11-29,101.88,102.11,101.01,101.01,247637,AAP
2013-12-02,101.35,103.4,100.94,103.05,650385,AAP
2013-12-03,102.27,107.24,102.27,107.12,1766605,AAP
2013-12-04,106.25,107.719,104.2525,105.71,1425387,AAP
2013-12-05,104.65,105.62,104.0,104.95,852839,AAP
2013-12-06,106.65,106.9,103.75,104.55,1178242,AAP
2013-12-09,104.75,105.6,103.94,104.33,760599,AAP
2013-12-10,105.47,111.53,105.23,109.45,1707505,AAP
2013-12-11,109.55,109.95,106.89,107.05,1046772,AAP
2013-12-12,106.78,108.08,106.56,107.93,941828,AAP
2013-12-13,110.55,110.55,108.19,109.85,1433137,AAP
2013-12-16,110.01,110.4,108.88,109.27,774387,AAP
2013-12-17,109.63,109.88,108.03,108.46,847233,AAP
2013-12-18,108.85,109.56,106.88,109.27,1104462,AAP
2013-12-19,109.2,109.4788,107.75,108.4,623450,AAP
2013-12-20,108.51,109.96,108.51,109.36,1013949,AAP
2013-12-23,109.78,110.34,109.19,109.84,620027,AAP
2013-12-24,109.77,110.94,109.58,110.28,130712,AAP
2013-12-26,110.17,110.97,109.56,110.17,563408,AAP
2013-12-27,110.3,111.94,109.63,109.92,364175,AAP
2013-12-30,110.34,110.58,108.76,109.63,479664,AAP
2013-12-31,109.8,111.41,109.49,110.68,381268,AAP
2014-01-02,110.36,111.88,109.29,109.74,542711,AAP
2014-01-03,111.23,114.33,110.58,112.88,987718,AAP
2014-01-06,113.1,113.91,111.44,111.8,1030190,AAP
2014-01-07,111.98,113.4,111.63,113.18,922829,AAP
2014-01-08,112.47,113.615,111.91,112.3,777177,AAP
2014-01-09,113.06,114.22,112.71,113.55,486811,AAP
2014-01-10,114.28,115.797,113.64,115.64,678570,AAP
2014-01-13,115.45,115.99,113.77,114.29,941749,AAP
2014-01-14,115.4,117.99,113.82,117.6,819539,AAP
2014-01-15,117.65,119.54,116.71,117.47,978639,AAP
2014-01-16,117.22,118.25,116.15,117.88,609912,AAP
2014-01-17,117.81,119.02,117.085,118.44,692356,AAP
2014-01-21,119.73,120.31,117.96,118.0,821492,AAP
2014-01-22,118.39,118.7099,116.746,117.75,502024,AAP
2014-01-23,116.81,117.53,115.29,116.33,659085,AAP
2014-01-24,116.0,117.01,115.47,115.98,782086,AAP
2014-01-27,116.485,117.2,113.8,115.4,974299,AAP
2014-01-28,115.39,117.66,115.22,116.25,918455,AAP
2014-01-29,115.41,116.61,113.79,113.9,643865,AAP
2014-01-30,115.0,115.89,114.45,115.2,585785,AAP
2014-01-31,115.23,116.03,113.7,114.81,807498,AAP
2014-02-03,115.44,115.648,109.58,110.22,1327827,AAP
2014-02-04,110.97,112.11,110.1,110.25,1086059,AAP
2014-02-05,109.86,112.22,109.65,110.75,1719300,AAP
2014-02-06,121.5,127.09,120.0,124.86,3374211,AAP
2014-02-07,125.63,128.1,124.56,125.0,1697974,AAP
2014-02-10,124.52,125.43,123.0,123.32,1118532,AAP
2014-02-11,123.47,125.87,123.14,125.44,927637,AAP
2014-02-12,125.55,126.68,124.29,124.96,663320,AAP
2014-02-13,125.2,127.0,123.84,126.26,802294,AAP
2014-02-14,126.71,127.5,125.61,127.34,788744,AAP
2014-02-18,127.18,128.32,126.09,126.79,1020332,AAP
2014-02-19,126.54,127.482,125.725,125.94,1096160,AAP
2014-02-20,125.98,128.06,125.77,127.56,882740,AAP
2014-02-21,127.31,128.48,127.31,127.92,884094,AAP
2014-02-24,128.31,129.1,126.33,126.5,1050651,AAP
2014-02-25,126.64,127.83,125.38,125.5,823047,AAP
2014-02-26,126.09,126.82,124.5,125.79,1105495,AAP
2014-02-27,125.82,126.09,124.43,125.03,888073,AAP
2014-02-28,125.05,128.44,125.05,127.36,1037731,AAP
2014-03-03,125.92,127.18,125.13,126.28,777204,AAP
2014-03-04,128.33,129.99,126.16,126.42,1126458,AAP
2014-03-05,126.42,126.71,125.081,125.59,692736,AAP
2014-03-06,126.23,127.32,125.86,126.74,715091,AAP
2014-03-07,127.03,128.13,126.46,126.8,530257,AAP
2014-03-10,126.82,127.87,125.96,126.78,612844,AAP
2014-03-11,127.25,128.49,126.48,126.94,1022210,AAP
2014-03-12,125.86,127.01,125.26,126.49,985970,AAP
2014-03-13,126.91,126.91,123.81,124.56,754192,AAP
2014-03-14,124.45,125.48,123.87,124.6,521611,AAP
2014-03-17,125.61,126.5,124.86,126.3,607672,AAP
2014-03-18,126.19,126.19,124.65,125.95,802247,AAP
2014-03-19,125.84,126.5,123.4835,124.52,575494,AAP
2014-03-20,124.37,125.07,123.365,124.75,588664,AAP
2014-03-21,125.58,127.9199,124.31,126.33,1985663,AAP
2014-03-24,126.44,127.15,124.0919,124.7,525622,AAP
2014-03-25,125.23,125.71,123.13,123.56,846436,AAP
2014-03-26,124.36,124.51,122.68,122.75,593110,AAP
2014-03-27,122.31,125.3,122.07,123.89,735128,AAP
2014-03-28,124.61,124.9,123.51,124.65,656426,AAP
2014-03-31,125.26,126.6,124.76,126.5,534075,AAP
2014-04-01,126.96,128.49,126.6,127.25,775404,AAP
2014-04-02,127.45,127.48,126.21,126.86,722275,AAP
2014-04-03,127.06,127.3299,125.56,126.4,401780,AAP
2014-04-04,125.14,125.77,121.57,121.64,904481,AAP
2014-04-07,121.44,121.66,117.52,118.11,1238919,AAP
2014-04-08,118.07,119.46,117.3911,119.16,700188,AAP
2014-04-09,120.15,121.7,119.36,121.58,580011,AAP
2014-04-10,122.63,124.618,118.61,118.61,702928,AAP
2014-04-11,117.29,118.6881,116.15,116.25,823108,AAP
2014-04-14,117.25,118.55,115.76,117.2,658965,AAP
2014-04-15,117.41,118.49,115.86,117.54,539416,AAP
2014-04-16,118.45,119.58,117.76,119.51,542215,AAP
2014-04-17,119.48,122.34,119.07,120.84,803370,AAP
2014-04-21,120.63,121.524,119.95,121.4,476074,AAP
2014-04-22,121.53,125.37,121.53,121.61,1221937,AAP
2014-04-23,121.4,123.09,120.56,122.15,591976,AAP
2014-04-24,121.85,123.04,120.54,122.34,398814,AAP
2014-04-25,121.81,122.29,120.01,120.63,635795,AAP
2014-04-28,121.6,123.23,119.6004,121.44,714026,AAP
2014-04-29,121.37,121.37,118.86,119.83,762919,AAP
2014-04-30,120.03,121.47,119.405,121.29,671046,AAP
2014-05-01,124.07,124.16,120.76,120.98,377776,AAP
2014-05-02,121.26,123.03,121.15,121.69,449305,AAP
2014-05-05,120.63,121.7,119.65,121.03,625618,AAP
2014-05-06,120.7,121.592,119.84,120.49,628395,AAP
2014-05-07,120.64,121.25,118.51,119.45,555860,AAP
2014-05-08,120.02,123.1,119.65,122.46,1001395,AAP
2014-05-09,122.43,124.87,122.16,124.56,841955,AAP
2014-05-12,124.79,125.66,124.26,125.25,755224,AAP
2014-05-13,125.69,125.69,123.068,123.41,816825,AAP
2014-05-14,123.64,124.02,122.16,123.14,1560121,AAP
2014-05-15,127.78,128.45,120.13,124.23,2247224,AAP
2014-05-16,123.86,123.99,120.21,121.67,1900405,AAP
2014-05-19,121.48,123.47,121.31,122.8,784197,AAP
2014-05-20,122.79,122.79,121.12,122.11,891140,AAP
2014-05-21,122.11,123.02,120.71,122.58,924927,AAP
2014-05-22,122.11,123.67,122.11,122.5,638226,AAP
2014-05-23,122.98,123.71,122.49,123.24,512717,AAP
2014-05-27,124.03,124.03,121.24,121.44,599248,AAP
2014-05-28,121.42,121.8,120.0,121.11,529328,AAP
2014-05-29,122.11,123.35,121.58,122.31,606770,AAP
2014-05-30,122.33,124.3,122.33,124.17,679931,AAP
2014-06-02,124.22,124.49,123.2005,124.47,509710,AAP
2014-06-03,123.88,125.815,123.77,125.23,733583,AAP
2014-06-04,124.82,126.51,124.73,126.46,418309,AAP
2014-06-05,126.53,127.77,126.16,127.43,605604,AAP
2014-06-06,127.65,128.65,127.13,128.41,493026,AAP
2014-06-09,128.2,128.97,126.79,127.71,632496,AAP
2014-06-10,127.07,127.63,126.21,126.97,519243,AAP
2014-06-11,126.53,126.915,125.44,126.14,351183,AAP
2014-06-12,125.8,125.914,123.52,124.28,541918,AAP
2014-06-13,124.65,124.84,123.36,124.8,439766,AAP
2014-06-16,124.36,125.29,124.15,125.01,443898,AAP
2014-06-17,125.01,126.6,125.01,125.95,571175,AAP
2014-06-18,126.71,130.51,126.71,129.72,935350,AAP
2014-06-19,130.0,130.51,127.33,128.84,620237,AAP
2014-06-20,129.4,129.91,127.89,129.8,829234,AAP
2014-06-23,129.7,130.819,129.21,130.67,1376236,AAP
2014-06-24,130.67,133.918,130.67,131.66,1509069,AAP
2014-06-25,130.98,131.53,128.02,129.85,1124861,AAP
2014-06-26,130.3,131.71,130.02,130.53,1157738,AAP
2014-06-27,130.5,133.51,130.5,133.48,1337989,AAP
2014-06-30,133.67,136.12,132.88,134.92,1476072,AAP
2014-07-01,135.86,135.95,134.35,134.53,1085920,AAP
2014-07-02,134.27,135.19,133.6,134.25,522313,AAP
2014-07-03,135.05,135.202,134.13,134.94,300275,AAP
2014-07-07,133.97,135.075,133.8,134.0,431114,AAP
2014-07-08,133.99,133.99,131.64,132.27,484253,AAP
2014-07-09,132.71,133.61,131.2336,133.58,673362,AAP
2014-07-10,132.51,133.92,132.0,133.16,499068,AAP
2014-07-11,132.96,133.57,132.49,133.29,484673,AAP
2014-07-14,133.65,135.27,133.65,134.81,731499,AAP
2014-07-15,134.25,134.81,132.39,132.64,524044,AAP
2014-07-16,133.52,133.52,131.174,131.82,471585,AAP
2014-07-17,130.97,131.37,129.73,129.86,480547,AAP
2014-07-18,129.92,130.87,128.66,130.47,645430,AAP
2014-07-21,130.31,131.0,128.48,128.55,411256,AAP
2014-07-22,128.22,128.34,123.89,124.15,1547891,AAP
2014-07-23,124.68,124.93,123.25,123.59,653724,AAP
2014-07-24,124.9,127.73,124.2,126.63,1366164,AAP
2014-07-25,126.13,126.9099,124.96,125.55,353432,AAP
2014-07-28,125.24,125.27,123.8,124.49,495457,AAP
2014-07-29,124.52,124.78,122.94,122.96,422221,AAP
2014-07-30,123.2,124.5,123.01,124.2,522820,AAP
2014-07-31,123.86,124.54,121.03,121.11,891376,AAP